name,age,email,contact_no,gender
Vonni Gill,22,vgill0@spotify.com,590-192-2390,Female
Odelle Seery,17,oseery1@goodreads.com,261-135-7332,Female
Maxine Lulham,49,mlulham2@gnu.org,103-111-1810,Female
Blanca Pie,30,bpie3@scribd.com,495-496-4568,Female
Benedetto Cuddehy,37,bcuddehy4@ebay.co.uk,679-640-6093,Male
Orville Bingley,4,obingley5@google.de,916-757-6244,Male
Tamma De Ruggero,21,tde6@domainmarket.com,763-148-3066,Female
Roddy Guess,5,rguess7@addthis.com,772-612-6867,Male
Ryon Hamments,8,rhamments8@reference.com,504-467-5155,Male
Valdemar Basler,30,vbasler9@ocn.ne.jp,854-934-3669,Male
Willyt Gerkens,30,wgerkensa@example.com,266-714-7664,Female
Kristy Linford,15,klinfordb@ed.gov,101-948-2191,Female
Montgomery Boncoeur,52,mboncoeurc@fda.gov,385-545-9053,Male
Alix Corss,22,acorssd@marriott.com,113-546-7085,Male
Ali Hellen,49,ahellene@addthis.com,964-962-2615,Female
Sander Bolderoe,60,sbolderoef@dropbox.com,214-689-3663,Male
Napoleon Rameau,10,nrameaug@bigcartel.com,999-416-5409,Male
Sindee Bettison,34,sbettisonh@squidoo.com,890-964-4631,Female
Jere Ottee,35,jotteei@statcounter.com,801-975-9638,Female
Inge Pastor,41,ipastorj@youtube.com,437-302-8178,Female
Giacinta Gerram,41,ggerramk@pbs.org,467-631-6369,Female
Noreen Edy,58,nedyl@wix.com,532-906-5050,Female
Weylin Stott,29,wstottm@ihg.com,391-917-1451,Male
Felecia Heggadon,6,fheggadonn@mapquest.com,271-964-0890,Female
Edita Skews,28,eskewso@gmpg.org,997-248-7114,Female
Dun Petegree,9,dpetegreep@godaddy.com,583-850-9613,Male
Ada Wyman,8,awymanq@alibaba.com,416-818-4138,Female
Borden Kleinber,42,bkleinberr@ucla.edu,699-274-0618,Male
Boothe Minshall,25,bminshalls@miitbeian.gov.cn,740-368-1992,Male
Vin Dimanche,30,vdimanchet@sogou.com,256-685-1841,Male
Jasmina Grastye,12,jgrastyeu@typepad.com,420-502-8841,Female
Mirelle Koppens,2,mkoppensv@irs.gov,156-622-2835,Female
Lovell Cinelli,8,lcinelliw@simplemachines.org,502-992-1075,Male
Tomas Ivanishev,43,tivanishevx@google.it,806-501-8359,Male
Huntlee Blaschke,53,hblaschkey@yale.edu,558-504-9612,Male
Town Gindghill,40,tgindghillz@nyu.edu,200-717-2703,Male
Brook Nesbitt,2,bnesbitt10@4shared.com,109-799-7495,Female
Jimmy Purcer,36,jpurcer11@fda.gov,650-495-2860,Male
Alphonso Giacomello,34,agiacomello12@smh.com.au,925-961-0094,Male
Nico Dewitt,53,ndewitt13@nbcnews.com,863-841-5475,Male
Kayne Wetton,18,kwetton14@parallels.com,403-250-2113,Male
Maddie Lipscombe,20,mlipscombe15@dailymotion.com,762-844-6532,Male
Burg Darrigoe,36,bdarrigoe16@biblegateway.com,462-378-1140,Male
Michale Ajsik,5,majsik17@bravesites.com,276-419-8790,Male
Ruthe Pietraszek,52,rpietraszek18@mozilla.org,620-371-6164,Female
Angie Bester,22,abester19@dailymotion.com,214-274-2845,Male
Gradey Bengoechea,4,gbengoechea1a@hibu.com,107-781-9394,Male
Gustaf Maffy,51,gmaffy1b@desdev.cn,387-750-6323,Male
Perrine Yukhov,5,pyukhov1c@tinyurl.com,948-145-3929,Female
Urson Hoopper,55,uhoopper1d@prlog.org,755-524-9378,Male
L;urette Willbond,34,lwillbond1e@issuu.com,793-490-4087,Female
Collette Jentin,50,cjentin1f@stumbleupon.com,537-118-4985,Female
Minette Road,52,mroad1g@engadget.com,834-698-8828,Female
Conny Basill,42,cbasill1h@ca.gov,592-936-0079,Male
Doug Hagan,29,dhagan1i@noaa.gov,145-288-3583,Male
Lanni Huband,34,lhuband1j@fastcompany.com,447-149-0983,Female
Randolf MacNucator,58,rmacnucator1k@harvard.edu,559-770-0659,Male
Samara Camous,32,scamous1l@constantcontact.com,549-798-1698,Female
Adelice Vanlint,40,avanlint1m@imdb.com,135-406-4293,Female
Patrizia Stallebrass,56,pstallebrass1n@lycos.com,972-267-3763,Female
Perceval Zoren,6,pzoren1o@bbb.org,453-208-0741,Male
Gan Bartolozzi,50,gbartolozzi1p@wufoo.com,357-779-3744,Male
Natalee Edmands,60,nedmands1q@clickbank.net,748-213-1815,Female
Francine Maffioletti,45,fmaffioletti1r@technorati.com,261-647-4366,Female
Delmor Pottle,43,dpottle1s@myspace.com,458-897-3922,Male
Imelda Plomer,58,iplomer1t@ted.com,312-187-6775,Female
Pamella McAllen,42,pmcallen1u@vistaprint.com,270-781-8795,Female
Johanna Strugnell,51,jstrugnell1v@google.it,892-536-3300,Female
Truman Merwood,59,tmerwood1w@webnode.com,296-598-6668,Male
Cayla Nairn,57,cnairn1x@wikimedia.org,524-178-4339,Female
Eddy Brixey,27,ebrixey1y@freewebs.com,661-159-5930,Male
Lucius Grandin,2,lgrandin1z@archive.org,987-322-3347,Male
Forrester Menis,16,fmenis20@webmd.com,947-103-1099,Male
Shaw Bunyard,39,sbunyard21@paginegialle.it,855-509-7174,Male
Keely Tillot,59,ktillot22@guardian.co.uk,525-172-8625,Female
Kyla Towl,55,ktowl23@ovh.net,140-397-7893,Female
Reynold Ducker,23,rducker24@ovh.net,351-118-6695,Male
Abby Chapier,22,achapier25@goo.ne.jp,594-815-4761,Female
Melessa Iwaszkiewicz,26,miwaszkiewicz26@blogspot.com,995-388-2428,Female
Alexandr Pollok,25,apollok27@unesco.org,203-848-4344,Male
Artair Canti,43,acanti28@rambler.ru,327-727-5624,Male
Benjie Winkell,43,bwinkell29@state.gov,219-978-7702,Male
Martin Loan,38,mloan2a@usatoday.com,377-770-4888,Male
Gwendolyn Semeniuk,41,gsemeniuk2b@360.cn,313-720-0398,Female
Heindrick Attride,2,hattride2c@surveymonkey.com,769-321-9595,Male
Clarke Laurenson,2,claurenson2d@over-blog.com,552-819-2737,Male
Waylin Habbergham,5,whabbergham2e@senate.gov,669-808-6659,Male
Jelene Greguoli,46,jgreguoli2f@google.com,637-603-2897,Female
Rennie Tissington,41,rtissington2g@squarespace.com,881-769-8856,Female
Dwain Ferrey,20,dferrey2h@examiner.com,967-748-9262,Male
Johnathon Dary,19,jdary2i@exblog.jp,392-283-9036,Male
Worth Trethowan,55,wtrethowan2j@typepad.com,607-641-2035,Male
Sherman Gambles,51,sgambles2k@cbc.ca,171-500-1824,Male
Kandace Bodd,35,kbodd2l@live.com,312-456-6433,Female
Peyter Brookz,46,pbrookz2m@wsj.com,771-704-4010,Male
April Feronet,17,aferonet2n@google.pl,365-582-7776,Female
Therese Baker,16,tbaker2o@moonfruit.com,501-168-3166,Female
Adair Tomek,33,atomek2p@bbc.co.uk,304-286-2056,Male
Hank Battershall,31,hbattershall2q@cmu.edu,560-778-9848,Male
Natala Lampe,38,nlampe2r@multiply.com,745-850-3229,Female
