name,age,email,contact_no,exp
Jayme Please,25,jplease0@netscape.com,869-818-5014,6
Jamie Gregorowicz,15,jgregorowicz1@domainmarket.com,110-738-5885,5
Marty Book,28,mbook2@parallels.com,288-286-7177,16
Thane Syce,42,tsyce3@tmall.com,702-382-1362,1
Aldwin Atter,57,aatter4@cnet.com,745-455-3845,37
Cecilius Bland,17,cbland5@123-reg.co.uk,850-682-0474,17
Lea Creelman,28,lcreelman6@myspace.com,808-456-3777,14
Casi Johannes,47,cjohannes7@blogs.com,134-923-3354,38
Waverley Bradtke,5,wbradtke8@statcounter.com,252-609-6936,40
Nadya McCardle,18,nmccardle9@meetup.com,584-525-2522,10
Easter Waye,2,ewayea@quantcast.com,701-243-5618,36
Dilly Linton,18,dlintonb@pen.io,596-651-4031,9
Boycey Gutowska,3,bgutowskac@squidoo.com,712-512-2849,2
Dewitt Goolding,40,dgooldingd@imgur.com,705-884-4711,28
Andrey Soares,56,asoarese@about.me,275-553-1120,6
Natka Lafford,25,nlaffordf@guardian.co.uk,159-504-6073,29
Lawry Sterricker,17,lsterrickerg@si.edu,961-430-3386,16
Inness Biddell,55,ibiddellh@arstechnica.com,970-997-6502,21
Dicky M'cowis,46,dmcowisi@reuters.com,488-700-5654,25
Rhonda Georgievski,7,rgeorgievskij@seattletimes.com,216-599-7451,12
Desdemona Gilardone,31,dgilardonek@discovery.com,943-264-8310,28
Rubetta Willett,49,rwillettl@plala.or.jp,662-128-2093,8
Ethelbert Tregust,37,etregustm@dropbox.com,384-829-3268,36
Marrissa Casburn,37,mcasburnn@github.com,542-767-2654,40
Myrah Kettlestringe,48,mkettlestringeo@spiegel.de,290-806-9141,17
Gill Bish,43,gbishp@nbcnews.com,227-719-5828,24
Clarance Allmond,22,callmondq@theatlantic.com,289-756-2643,23
Sallyanne Nutbrown,59,snutbrownr@skyrock.com,719-283-5005,11
Ingar Roulston,59,iroulstons@tripadvisor.com,127-980-6396,28
Eden Upston,23,eupstont@hugedomains.com,444-780-9185,10
Jennine Macia,1,jmaciau@usnews.com,327-555-6906,20
Donia Wrankling,27,dwranklingv@topsy.com,522-718-0081,25
Beau Dmtrovic,55,bdmtrovicw@google.com,310-587-0523,3
Jilly Faley,39,jfaleyx@comcast.net,528-977-7149,13
Christen Eatock,57,ceatocky@adobe.com,201-289-3520,14
Clerc Sansam,21,csansamz@live.com,888-927-2420,11
Doralin Frisel,52,dfrisel10@dyndns.org,171-510-8590,29
Bird Dagwell,59,bdagwell11@tumblr.com,515-915-7454,39
Livvyy Lagen,7,llagen12@cmu.edu,346-826-0845,29
Elwyn Bristoe,35,ebristoe13@fema.gov,281-844-3044,12
Symon Gilkison,19,sgilkison14@bloomberg.com,406-824-7575,25
Stace Matashkin,18,smatashkin15@123-reg.co.uk,285-922-4787,35
Guy Mouncher,35,gmouncher16@webmd.com,995-561-9748,8
Torrin Labon,34,tlabon17@ehow.com,387-135-7428,12
Roze Whatsize,39,rwhatsize18@shop-pro.jp,148-660-1989,2
Gianina Newe,15,gnewe19@naver.com,740-831-0589,34
Delcine Atterley,15,datterley1a@sina.com.cn,174-301-1496,5
Meara Kenewell,31,mkenewell1b@lulu.com,558-966-7400,13
Rodolph Guare,35,rguare1c@prnewswire.com,796-869-9161,5
Laurent Hyde-Chambers,42,lhydechambers1d@accuweather.com,378-614-9862,9
Ettie Pittman,37,epittman1e@youtu.be,824-755-2907,4
Valeda Gaynesford,59,vgaynesford1f@who.int,433-885-5736,38
Dodi Barclay,27,dbarclay1g@prlog.org,290-988-0578,18
Alexandr Riggoll,42,ariggoll1h@nhs.uk,357-908-3466,12
Andrew Kinman,20,akinman1i@clickbank.net,614-382-5755,29
Sari Lord,15,slord1j@hibu.com,671-920-5907,8
Isak Burchess,38,iburchess1k@icio.us,587-626-7354,13
Brian Scheu,46,bscheu1l@google.com.br,295-958-8946,13
Clarey Course,5,ccourse1m@google.cn,307-411-0705,3
Alfons Jagger,4,ajagger1n@si.edu,265-901-0596,25
Kit Campa,47,kcampa1o@nhs.uk,650-606-5192,40
Irita Heningham,60,iheningham1p@bravesites.com,858-199-7032,20
Lonnie Borge,35,lborge1q@huffingtonpost.com,991-975-4833,18
Gwenora Rappoport,31,grappoport1r@51.la,681-750-7082,9
Verena Ayars,41,vayars1s@dot.gov,570-603-2076,26
Mommy Barendtsen,47,mbarendtsen1t@fastcompany.com,101-868-6544,26
Engracia Trusslove,50,etrusslove1u@xinhuanet.com,100-991-2052,7
Junia Hallwell,39,jhallwell1v@wikia.com,758-619-5076,5
Nataline Keeffe,33,nkeeffe1w@elpais.com,509-754-6213,15
Sammie Seavers,5,sseavers1x@pcworld.com,415-137-9611,4
Perren Scanlan,56,pscanlan1y@go.com,611-900-0859,23
Mireielle Froschauer,22,mfroschauer1z@printfriendly.com,922-797-4332,1
Felicle Byer,16,fbyer20@cyberchimps.com,431-549-8454,4
Bendick Hardingham,44,bhardingham21@mapy.cz,423-793-5492,32
Jules Hornig,42,jhornig22@netlog.com,135-209-6067,3
Sile Bantick,57,sbantick23@facebook.com,923-109-2587,10
Lee Ramsted,31,lramsted24@com.com,384-396-1753,12
Maje Janodet,50,mjanodet25@unicef.org,936-407-7749,39
Niven Degnen,16,ndegnen26@home.pl,831-360-7033,20
Elisabeth Ewence,6,eewence27@pbs.org,504-153-7390,2
Sonnie Pentlow,35,spentlow28@friendfeed.com,770-242-4840,28
Fayre Ketteringham,55,fketteringham29@yahoo.co.jp,314-196-0474,5
Abran Hunnam,33,ahunnam2a@webeden.co.uk,975-655-7530,18
Ricard Scoyne,53,rscoyne2b@uol.com.br,368-686-2928,20
Gage Skittles,31,gskittles2c@archive.org,210-942-3512,12
Cecil Rottcher,42,crottcher2d@clickbank.net,405-568-2752,38
Lona Macieiczyk,60,lmacieiczyk2e@sciencedirect.com,444-786-5479,31
Danielle Fritter,14,dfritter2f@nps.gov,703-906-3305,12
Marianne Stranaghan,45,mstranaghan2g@europa.eu,367-279-7662,34
Hashim Crichmer,58,hcrichmer2h@histats.com,468-382-8311,19
Kathleen Degoe,11,kdegoe2i@nationalgeographic.com,637-390-2028,36
Cherilynn Millberg,1,cmillberg2j@ucoz.com,267-455-9932,16
Conni Waiting,51,cwaiting2k@seattletimes.com,540-911-5421,17
Flossy Curd,49,fcurd2l@scientificamerican.com,901-124-2267,20
Ketti Sygroves,26,ksygroves2m@shinystat.com,334-919-4739,7
Aldous Bemwell,55,abemwell2n@constantcontact.com,838-892-3172,23
Loralyn McLinden,25,lmclinden2o@istockphoto.com,102-487-3693,17
Guido Hummerston,53,ghummerston2p@pcworld.com,869-216-2046,32
Iver Durno,26,idurno2q@reference.com,837-692-3675,36
Annelise Aaron,27,aaaron2r@biblegateway.com,391-562-8133,26
